{"number": 0, "value": 0.76435402560477, "params": {"max_depth": 17, "min_samples_split": 18, "min_samples_leaf": 8, "min_weight_fraction_leaf": 0.30176488797527623, "criterion": "gini", "splitter": "random", "min_impurity_decrease": 0.0694482161705809, "class_weight": null}, "user_attrs": {}}{"number": 1, "value": 0.5390620998057226, "params": {"max_depth": 1, "min_samples_split": 19, "min_samples_leaf": 5, "min_weight_fraction_leaf": 0.44073466805015116, "criterion": "gini", "splitter": "best", "min_impurity_decrease": 0.09833215531569757, "class_weight": null}, "user_attrs": {}}{"number": 2, "value": 0.76435402560477, "params": {"max_depth": 14, "min_samples_split": 19, "min_samples_leaf": 9, "min_weight_fraction_leaf": 0.03418173306468886, "criterion": "gini", "splitter": "best", "min_impurity_decrease": 0.13496991039156037, "class_weight": "balanced"}, "user_attrs": {}}{"number": 3, "value": 0.76435402560477, "params": {"max_depth": 19, "min_samples_split": 19, "min_samples_leaf": 5, "min_weight_fraction_leaf": 0.3306432809685421, "criterion": "entropy", "splitter": "best", "min_impurity_decrease": 0.15087085265265515, "class_weight": "balanced"}, "user_attrs": {}}{"number": 4, "value": 0.5390620998057226, "params": {"max_depth": 10, "min_samples_split": 16, "min_samples_leaf": 4, "min_weight_fraction_leaf": 0.35984004646905615, "criterion": "gini", "splitter": "random", "min_impurity_decrease": 0.1944998709258173, "class_weight": null}, "user_attrs": {}}{"number": 5, "value": 0.6902441113244203, "params": {"max_depth": 15, "min_samples_split": 2, "min_samples_leaf": 9, "min_weight_fraction_leaf": 0.42062592329769594, "criterion": "entropy", "splitter": "best", "min_impurity_decrease": 0.03837530225902069, "class_weight": "balanced"}, "user_attrs": {}}{"number": 6, "value": 0.49171990711469266, "params": {"max_depth": 14, "min_samples_split": 19, "min_samples_leaf": 1, "min_weight_fraction_leaf": 0.44338000832512836, "criterion": "entropy", "splitter": "best", "min_impurity_decrease": 0.15814759698667127, "class_weight": "balanced"}, "user_attrs": {}}{"number": 7, "value": 0.76435402560477, "params": {"max_depth": 3, "min_samples_split": 20, "min_samples_leaf": 2, "min_weight_fraction_leaf": 0.3272900071810675, "criterion": "entropy", "splitter": "best", "min_impurity_decrease": 0.045968568559488415, "class_weight": null}, "user_attrs": {}}{"number": 8, "value": 0.5390620998057226, "params": {"max_depth": 1, "min_samples_split": 19, "min_samples_leaf": 7, "min_weight_fraction_leaf": 0.1582095303183793, "criterion": "gini", "splitter": "random", "min_impurity_decrease": 0.16885962993045603, "class_weight": null}, "user_attrs": {}}{"number": 9, "value": 0.76435402560477, "params": {"max_depth": 13, "min_samples_split": 12, "min_samples_leaf": 1, "min_weight_fraction_leaf": 0.2836127561387487, "criterion": "gini", "splitter": "random", "min_impurity_decrease": 0.05987527660009591, "class_weight": "balanced"}, "user_attrs": {}}{"number": 10, "value": 0.76435402560477, "params": {"max_depth": 17, "min_samples_split": 12, "min_samples_leaf": 1, "min_weight_fraction_leaf": 0.27464785513906687, "criterion": "gini", "splitter": "best", "min_impurity_decrease": 0.057670107229053, "class_weight": "balanced"}, "user_attrs": {}}{"number": 11, "value": 0.76435402560477, "params": {"max_depth": 3, "min_samples_split": 5, "min_samples_leaf": 4, "min_weight_fraction_leaf": 0.2779001785330744, "criterion": "entropy", "splitter": "random", "min_impurity_decrease": 0.09746513762932037, "class_weight": null}, "user_attrs": {}}{"number": 12, "value": 0.7796078124820379, "params": {"max_depth": 11, "min_samples_split": 15, "min_samples_leaf": 10, "min_weight_fraction_leaf": 0.011380429833250147, "criterion": "gini", "splitter": "random", "min_impurity_decrease": 0.005745242061852493, "class_weight": null}, "user_attrs": {}}{"number": 13, "value": 0.7894632079918151, "params": {"max_depth": 9, "min_samples_split": 15, "min_samples_leaf": 10, "min_weight_fraction_leaf": 0.0008544744071346394, "criterion": "gini", "splitter": "random", "min_impurity_decrease": 0.0032960205989653046, "class_weight": null}, "user_attrs": {}}{"number": 14, "value": 0.7822929450850108, "params": {"max_depth": 10, "min_samples_split": 14, "min_samples_leaf": 10, "min_weight_fraction_leaf": 0.0014584815280582267, "criterion": "gini", "splitter": "random", "min_impurity_decrease": 0.004040113230956627, "class_weight": "balanced"}, "user_attrs": {}}{"number": 15, "value": 0.76435402560477, "params": {"max_depth": 9, "min_samples_split": 15, "min_samples_leaf": 10, "min_weight_fraction_leaf": 0.029692253500646224, "criterion": "gini", "splitter": "random", "min_impurity_decrease": 0.12033859943528288, "class_weight": null}, "user_attrs": {}}{"number": 16, "value": 0.7575157088827322, "params": {"max_depth": 7, "min_samples_split": 9, "min_samples_leaf": 7, "min_weight_fraction_leaf": 0.11995936541623424, "criterion": "gini", "splitter": "random", "min_impurity_decrease": 0.004673340826618841, "class_weight": "balanced"}, "user_attrs": {}}{"number": 17, "value": 0.76435402560477, "params": {"max_depth": 7, "min_samples_split": 9, "min_samples_leaf": 7, "min_weight_fraction_leaf": 0.1151765572805466, "criterion": "gini", "splitter": "random", "min_impurity_decrease": 0.00012743548649546063, "class_weight": "balanced"}, "user_attrs": {}}{"number": 18, "value": 0.7618346457598087, "params": {"max_depth": 7, "min_samples_split": 9, "min_samples_leaf": 7, "min_weight_fraction_leaf": 0.11791107328880407, "criterion": "gini", "splitter": "random", "min_impurity_decrease": 0.003065217555492319, "class_weight": "balanced"}, "user_attrs": {}}{"number": 19, "value": 0.7580143274820188, "params": {"max_depth": 7, "min_samples_split": 8, "min_samples_leaf": 7, "min_weight_fraction_leaf": 0.11564762296733122, "criterion": "gini", "splitter": "random", "min_impurity_decrease": 0.003631520840396668, "class_weight": "balanced"}, "user_attrs": {}}{"number": 20, "value": 0.76435402560477, "params": {"max_depth": 12, "min_samples_split": 13, "min_samples_leaf": 9, "min_weight_fraction_leaf": 0.18703345077035655, "criterion": "gini", "splitter": "random", "min_impurity_decrease": 0.028017081045941125, "class_weight": null}, "user_attrs": {}}{"number": 21, "value": 0.76435402560477, "params": {"max_depth": 11, "min_samples_split": 13, "min_samples_leaf": 9, "min_weight_fraction_leaf": 0.19853745770130243, "criterion": "gini", "splitter": "random", "min_impurity_decrease": 0.02866706870198374, "class_weight": null}, "user_attrs": {}}{"number": 22, "value": 0.76435402560477, "params": {"max_depth": 11, "min_samples_split": 13, "min_samples_leaf": 9, "min_weight_fraction_leaf": 0.21176820222761397, "criterion": "gini", "splitter": "random", "min_impurity_decrease": 0.032397444578877124, "class_weight": null}, "user_attrs": {}}{"number": 23, "value": 0.76435402560477, "params": {"max_depth": 11, "min_samples_split": 15, "min_samples_leaf": 10, "min_weight_fraction_leaf": 0.0066065471103647355, "criterion": "gini", "splitter": "random", "min_impurity_decrease": 0.024532969440660135, "class_weight": null}, "user_attrs": {}}{"number": 24, "value": 0.76435402560477, "params": {"max_depth": 9, "min_samples_split": 16, "min_samples_leaf": 10, "min_weight_fraction_leaf": 0.06529407555821405, "criterion": "gini", "splitter": "random", "min_impurity_decrease": 0.0739238178242489, "class_weight": null}, "user_attrs": {}}{"number": 25, "value": 0.7701123130510753, "params": {"max_depth": 9, "min_samples_split": 16, "min_samples_leaf": 10, "min_weight_fraction_leaf": 0.06836779600609186, "criterion": "gini", "splitter": "random", "min_impurity_decrease": 0.01740135340866243, "class_weight": null}, "user_attrs": {}}{"number": 26, "value": 0.76435402560477, "params": {"max_depth": 9, "min_samples_split": 16, "min_samples_leaf": 10, "min_weight_fraction_leaf": 0.07711049365959649, "criterion": "gini", "splitter": "random", "min_impurity_decrease": 0.0846110007048012, "class_weight": null}, "user_attrs": {}}{"number": 27, "value": 0.76435402560477, "params": {"max_depth": 9, "min_samples_split": 16, "min_samples_leaf": 10, "min_weight_fraction_leaf": 0.06623043703717935, "criterion": "gini", "splitter": "random", "min_impurity_decrease": 0.07500510591301043, "class_weight": null}, "user_attrs": {}}{"number": 28, "value": 0.76435402560477, "params": {"max_depth": 5, "min_samples_split": 14, "min_samples_leaf": 8, "min_weight_fraction_leaf": 0.032383928436726925, "criterion": "entropy", "splitter": "random", "min_impurity_decrease": 0.04853703161450993, "class_weight": null}, "user_attrs": {}}{"number": 29, "value": 0.7651015339104178, "params": {"max_depth": 6, "min_samples_split": 14, "min_samples_leaf": 8, "min_weight_fraction_leaf": 0.00017830906760889567, "criterion": "entropy", "splitter": "random", "min_impurity_decrease": 0.016198435808542716, "class_weight": "balanced"}, "user_attrs": {}}{"number": 30, "value": 0.7633845696965517, "params": {"max_depth": 5, "min_samples_split": 10, "min_samples_leaf": 8, "min_weight_fraction_leaf": 0.002275114477036766, "criterion": "entropy", "splitter": "random", "min_impurity_decrease": 0.015681823255844808, "class_weight": "balanced"}, "user_attrs": {}}{"number": 31, "value": 0.7659600639161273, "params": {"max_depth": 16, "min_samples_split": 11, "min_samples_leaf": 8, "min_weight_fraction_leaf": 0.0014135128387734452, "criterion": "gini", "splitter": "random", "min_impurity_decrease": 0.011991097175524004, "class_weight": "balanced"}, "user_attrs": {}}{"number": 32, "value": 0.76435402560477, "params": {"max_depth": 17, "min_samples_split": 11, "min_samples_leaf": 8, "min_weight_fraction_leaf": 0.15848737544386116, "criterion": "gini", "splitter": "random", "min_impurity_decrease": 0.016833882037188497, "class_weight": null}, "user_attrs": {}}{"number": 33, "value": 0.7651015339104178, "params": {"max_depth": 12, "min_samples_split": 17, "min_samples_leaf": 10, "min_weight_fraction_leaf": 0.08051845190192009, "criterion": "gini", "splitter": "random", "min_impurity_decrease": 0.01971331160899688, "class_weight": null}, "user_attrs": {}}{"number": 34, "value": 0.76435402560477, "params": {"max_depth": 12, "min_samples_split": 17, "min_samples_leaf": 10, "min_weight_fraction_leaf": 0.0758550640814264, "criterion": "gini", "splitter": "random", "min_impurity_decrease": 0.018018164032544033, "class_weight": null}, "user_attrs": {}}{"number": 35, "value": 0.76435402560477, "params": {"max_depth": 13, "min_samples_split": 17, "min_samples_leaf": 10, "min_weight_fraction_leaf": 0.08008466631384964, "criterion": "gini", "splitter": "random", "min_impurity_decrease": 0.04228776764558644, "class_weight": null}, "user_attrs": {}}{"number": 36, "value": 0.76435402560477, "params": {"max_depth": 10, "min_samples_split": 17, "min_samples_leaf": 9, "min_weight_fraction_leaf": 0.04953184785430328, "criterion": "gini", "splitter": "random", "min_impurity_decrease": 0.043446096898391705, "class_weight": null}, "user_attrs": {}}{"number": 37, "value": 0.76435402560477, "params": {"max_depth": 20, "min_samples_split": 18, "min_samples_leaf": 9, "min_weight_fraction_leaf": 0.026103032013032774, "criterion": "gini", "splitter": "best", "min_impurity_decrease": 0.05759190507358595, "class_weight": null}, "user_attrs": {}}{"number": 38, "value": 0.76435402560477, "params": {"max_depth": 8, "min_samples_split": 15, "min_samples_leaf": 6, "min_weight_fraction_leaf": 0.04215555795080162, "criterion": "gini", "splitter": "best", "min_impurity_decrease": 0.05600753917188797, "class_weight": null}, "user_attrs": {}}{"number": 39, "value": 0.76435402560477, "params": {"max_depth": 8, "min_samples_split": 15, "min_samples_leaf": 6, "min_weight_fraction_leaf": 0.03721739575635244, "criterion": "gini", "splitter": "best", "min_impurity_decrease": 0.055361126511250344, "class_weight": null}, "user_attrs": {}}{"number": 40, "value": 0.76435402560477, "params": {"max_depth": 8, "min_samples_split": 15, "min_samples_leaf": 6, "min_weight_fraction_leaf": 0.04425139272809187, "criterion": "gini", "splitter": "best", "min_impurity_decrease": 0.03395998482048969, "class_weight": null}, "user_attrs": {}}{"number": 41, "value": 0.76435402560477, "params": {"max_depth": 14, "min_samples_split": 20, "min_samples_leaf": 9, "min_weight_fraction_leaf": 0.3665456280044611, "criterion": "gini", "splitter": "random", "min_impurity_decrease": 0.13043676529802034, "class_weight": null}, "user_attrs": {}}{"number": 42, "value": 0.5865353167258696, "params": {"max_depth": 15, "min_samples_split": 11, "min_samples_leaf": 9, "min_weight_fraction_leaf": 0.4726874247000981, "criterion": "gini", "splitter": "random", "min_impurity_decrease": 0.008818252151818381, "class_weight": "balanced"}, "user_attrs": {}}{"number": 43, "value": 0.76435402560477, "params": {"max_depth": 15, "min_samples_split": 11, "min_samples_leaf": 9, "min_weight_fraction_leaf": 0.38337843068310085, "criterion": "gini", "splitter": "random", "min_impurity_decrease": 0.011727398430475586, "class_weight": "balanced"}, "user_attrs": {}}{"number": 44, "value": 0.7659318802760502, "params": {"max_depth": 16, "min_samples_split": 12, "min_samples_leaf": 3, "min_weight_fraction_leaf": 0.011106731357682535, "criterion": "gini", "splitter": "random", "min_impurity_decrease": 0.01128840512077855, "class_weight": "balanced"}, "user_attrs": {}}{"number": 45, "value": 0.7688111715274344, "params": {"max_depth": 18, "min_samples_split": 14, "min_samples_leaf": 10, "min_weight_fraction_leaf": 0.018611240484057136, "criterion": "gini", "splitter": "random", "min_impurity_decrease": 0.024242303005433178, "class_weight": "balanced"}, "user_attrs": {}}{"number": 46, "value": 0.49171990711469266, "params": {"max_depth": 18, "min_samples_split": 14, "min_samples_leaf": 3, "min_weight_fraction_leaf": 0.01337333843957315, "criterion": "gini", "splitter": "random", "min_impurity_decrease": 0.18277621746095307, "class_weight": "balanced"}, "user_attrs": {}}{"number": 47, "value": 0.49171990711469266, "params": {"max_depth": 10, "min_samples_split": 14, "min_samples_leaf": 4, "min_weight_fraction_leaf": 0.015256133505670252, "criterion": "gini", "splitter": "random", "min_impurity_decrease": 0.1868320112096464, "class_weight": "balanced"}, "user_attrs": {}}{"number": 48, "value": 0.7599521472063517, "params": {"max_depth": 3, "min_samples_split": 18, "min_samples_leaf": 10, "min_weight_fraction_leaf": 0.09925083175973147, "criterion": "entropy", "splitter": "random", "min_impurity_decrease": 0.024691570999058776, "class_weight": "balanced"}, "user_attrs": {}}{"number": 49, "value": 0.7652398387535588, "params": {"max_depth": 3, "min_samples_split": 18, "min_samples_leaf": 10, "min_weight_fraction_leaf": 0.10487639832433515, "criterion": "entropy", "splitter": "random", "min_impurity_decrease": 3.319634821701348e-05, "class_weight": "balanced"}, "user_attrs": {}}{"number": 50, "value": 0.7659046431157962, "params": {"max_depth": 4, "min_samples_split": 18, "min_samples_leaf": 10, "min_weight_fraction_leaf": 0.09856672765568615, "criterion": "entropy", "splitter": "random", "min_impurity_decrease": 6.725280690856889e-05, "class_weight": "balanced"}, "user_attrs": {}}{"number": 51, "value": 0.76435402560477, "params": {"max_depth": 20, "min_samples_split": 3, "min_samples_leaf": 10, "min_weight_fraction_leaf": 0.09078086108411568, "criterion": "entropy", "splitter": "random", "min_impurity_decrease": 0.03523343900500127, "class_weight": "balanced"}, "user_attrs": {}}{"number": 52, "value": 0.7600350887276934, "params": {"max_depth": 19, "min_samples_split": 7, "min_samples_leaf": 9, "min_weight_fraction_leaf": 0.1404495693796048, "criterion": "gini", "splitter": "random", "min_impurity_decrease": 0.022558483951707925, "class_weight": "balanced"}, "user_attrs": {}}{"number": 53, "value": 0.7681744051929937, "params": {"max_depth": 18, "min_samples_split": 12, "min_samples_leaf": 9, "min_weight_fraction_leaf": 0.05921427495046819, "criterion": "gini", "splitter": "random", "min_impurity_decrease": 0.008224867713284715, "class_weight": "balanced"}, "user_attrs": {}}{"number": 54, "value": 0.7656831438457734, "params": {"max_depth": 18, "min_samples_split": 7, "min_samples_leaf": 9, "min_weight_fraction_leaf": 0.0536796094157523, "criterion": "gini", "splitter": "random", "min_impurity_decrease": 0.009562216126458025, "class_weight": "balanced"}, "user_attrs": {}}{"number": 55, "value": 0.7640494851839504, "params": {"max_depth": 19, "min_samples_split": 12, "min_samples_leaf": 9, "min_weight_fraction_leaf": 0.0549282482296832, "criterion": "gini", "splitter": "random", "min_impurity_decrease": 0.010866567946343294, "class_weight": "balanced"}, "user_attrs": {}}{"number": 56, "value": 0.7741265409036392, "params": {"max_depth": 10, "min_samples_split": 12, "min_samples_leaf": 10, "min_weight_fraction_leaf": 0.05240610273492539, "criterion": "gini", "splitter": "random", "min_impurity_decrease": 0.008468803565389526, "class_weight": "balanced"}, "user_attrs": {}}{"number": 57, "value": 0.76435402560477, "params": {"max_depth": 10, "min_samples_split": 13, "min_samples_leaf": 10, "min_weight_fraction_leaf": 0.24008246997889, "criterion": "gini", "splitter": "random", "min_impurity_decrease": 0.11554221747953211, "class_weight": null}, "user_attrs": {}}{"number": 58, "value": 0.76435402560477, "params": {"max_depth": 1, "min_samples_split": 13, "min_samples_leaf": 10, "min_weight_fraction_leaf": 0.23162138625603793, "criterion": "gini", "splitter": "random", "min_impurity_decrease": 0.02546288025734459, "class_weight": null}, "user_attrs": {}}{"number": 59, "value": 0.76435402560477, "params": {"max_depth": 13, "min_samples_split": 16, "min_samples_leaf": 10, "min_weight_fraction_leaf": 0.13490654433469149, "criterion": "gini", "splitter": "random", "min_impurity_decrease": 0.029115979675979158, "class_weight": null}, "user_attrs": {}}{"number": 60, "value": 0.76435402560477, "params": {"max_depth": 11, "min_samples_split": 14, "min_samples_leaf": 10, "min_weight_fraction_leaf": 0.026420241728059762, "criterion": "gini", "splitter": "best", "min_impurity_decrease": 0.06555778461005472, "class_weight": "balanced"}, "user_attrs": {}}{"number": 61, "value": 0.76435402560477, "params": {"max_depth": 11, "min_samples_split": 14, "min_samples_leaf": 8, "min_weight_fraction_leaf": 0.026305861533952972, "criterion": "gini", "splitter": "best", "min_impurity_decrease": 0.037566806190189414, "class_weight": "balanced"}, "user_attrs": {}}{"number": 62, "value": 0.76435402560477, "params": {"max_depth": 11, "min_samples_split": 14, "min_samples_leaf": 8, "min_weight_fraction_leaf": 0.025296942086040664, "criterion": "gini", "splitter": "best", "min_impurity_decrease": 0.04067312570172586, "class_weight": "balanced"}, "user_attrs": {}}{"number": 63, "value": 0.76435402560477, "params": {"max_depth": 11, "min_samples_split": 14, "min_samples_leaf": 8, "min_weight_fraction_leaf": 0.02654863047034854, "criterion": "gini", "splitter": "best", "min_impurity_decrease": 0.03972622796937202, "class_weight": "balanced"}, "user_attrs": {}}{"number": 64, "value": 0.7771993393800749, "params": {"max_depth": 9, "min_samples_split": 10, "min_samples_leaf": 9, "min_weight_fraction_leaf": 0.05578986140244081, "criterion": "gini", "splitter": "random", "min_impurity_decrease": 0.0043511403585164594, "class_weight": "balanced"}, "user_attrs": {}}{"number": 65, "value": 0.7685063820329773, "params": {"max_depth": 9, "min_samples_split": 10, "min_samples_leaf": 9, "min_weight_fraction_leaf": 0.058245234354001654, "criterion": "gini", "splitter": "random", "min_impurity_decrease": 0.005830883959941007, "class_weight": "balanced"}, "user_attrs": {}}{"number": 66, "value": 0.7751503753348125, "params": {"max_depth": 9, "min_samples_split": 10, "min_samples_leaf": 9, "min_weight_fraction_leaf": 0.06810626533695134, "criterion": "gini", "splitter": "random", "min_impurity_decrease": 0.005970885447162986, "class_weight": "balanced"}, "user_attrs": {}}{"number": 67, "value": 0.7688665846639613, "params": {"max_depth": 9, "min_samples_split": 13, "min_samples_leaf": 9, "min_weight_fraction_leaf": 0.06394463430833386, "criterion": "gini", "splitter": "random", "min_impurity_decrease": 0.006390624180549767, "class_weight": "balanced"}, "user_attrs": {}}{"number": 68, "value": 0.5390620998057226, "params": {"max_depth": 8, "min_samples_split": 10, "min_samples_leaf": 10, "min_weight_fraction_leaf": 0.30769892930617604, "criterion": "gini", "splitter": "random", "min_impurity_decrease": 0.15213382336710618, "class_weight": null}, "user_attrs": {}}{"number": 69, "value": 0.76435402560477, "params": {"max_depth": 8, "min_samples_split": 10, "min_samples_leaf": 10, "min_weight_fraction_leaf": 0.1358274953917118, "criterion": "gini", "splitter": "random", "min_impurity_decrease": 0.01854330366000305, "class_weight": null}, "user_attrs": {}}{"number": 70, "value": 0.76435402560477, "params": {"max_depth": 8, "min_samples_split": 10, "min_samples_leaf": 10, "min_weight_fraction_leaf": 0.3188963224731196, "criterion": "gini", "splitter": "random", "min_impurity_decrease": 0.018198704367499714, "class_weight": null}, "user_attrs": {}}{"number": 71, "value": 0.76435402560477, "params": {"max_depth": 6, "min_samples_split": 8, "min_samples_leaf": 9, "min_weight_fraction_leaf": 0.17250999657553326, "criterion": "gini", "splitter": "random", "min_impurity_decrease": 0.04834836692493562, "class_weight": null}, "user_attrs": {}}{"number": 72, "value": 0.7642981909590102, "params": {"max_depth": 10, "min_samples_split": 9, "min_samples_leaf": 9, "min_weight_fraction_leaf": 0.0725287047122799, "criterion": "gini", "splitter": "random", "min_impurity_decrease": 0.003886476757272603, "class_weight": "balanced"}, "user_attrs": {}}{"number": 73, "value": 0.7689772576609303, "params": {"max_depth": 10, "min_samples_split": 8, "min_samples_leaf": 9, "min_weight_fraction_leaf": 0.07067266457559448, "criterion": "gini", "splitter": "random", "min_impurity_decrease": 0.004247460297269197, "class_weight": "balanced"}, "user_attrs": {}}{"number": 74, "value": 0.7710257657098407, "params": {"max_depth": 10, "min_samples_split": 13, "min_samples_leaf": 9, "min_weight_fraction_leaf": 0.0707930779150796, "criterion": "gini", "splitter": "random", "min_impurity_decrease": 0.004695912976790804, "class_weight": "balanced"}, "user_attrs": {}}{"number": 75, "value": 0.7790262025466822, "params": {"max_depth": 9, "min_samples_split": 16, "min_samples_leaf": 5, "min_weight_fraction_leaf": 0.04031910573285433, "criterion": "gini", "splitter": "random", "min_impurity_decrease": 0.005202151837791337, "class_weight": "balanced"}, "user_attrs": {}}{"number": 76, "value": 0.7669006272823766, "params": {"max_depth": 12, "min_samples_split": 12, "min_samples_leaf": 5, "min_weight_fraction_leaf": 0.08427232893578619, "criterion": "gini", "splitter": "random", "min_impurity_decrease": 0.014381602200529229, "class_weight": "balanced"}, "user_attrs": {}}{"number": 77, "value": 0.7696970306590488, "params": {"max_depth": 12, "min_samples_split": 12, "min_samples_leaf": 5, "min_weight_fraction_leaf": 0.04359919721822973, "criterion": "gini", "splitter": "random", "min_impurity_decrease": 0.0153475658160929, "class_weight": "balanced"}, "user_attrs": {}}{"number": 78, "value": 0.7685896607617055, "params": {"max_depth": 12, "min_samples_split": 16, "min_samples_leaf": 5, "min_weight_fraction_leaf": 0.0417415604978994, "criterion": "gini", "splitter": "random", "min_impurity_decrease": 0.013477681394334803, "class_weight": "balanced"}, "user_attrs": {}}{"number": 79, "value": 0.7757874328938141, "params": {"max_depth": 7, "min_samples_split": 15, "min_samples_leaf": 5, "min_weight_fraction_leaf": 0.04153283666906039, "criterion": "gini", "splitter": "random", "min_impurity_decrease": 0.0016872857291147488, "class_weight": "balanced"}, "user_attrs": {}}{"number": 80, "value": 0.76435402560477, "params": {"max_depth": 7, "min_samples_split": 15, "min_samples_leaf": 7, "min_weight_fraction_leaf": 0.0009677682889833139, "criterion": "gini", "splitter": "random", "min_impurity_decrease": 0.0323165153319986, "class_weight": "balanced"}, "user_attrs": {}}{"number": 81, "value": 0.76435402560477, "params": {"max_depth": 7, "min_samples_split": 15, "min_samples_leaf": 7, "min_weight_fraction_leaf": 0.011132355538944911, "criterion": "gini", "splitter": "random", "min_impurity_decrease": 0.03002946341463942, "class_weight": "balanced"}, "user_attrs": {}}{"number": 82, "value": 0.781988557940276, "params": {"max_depth": 9, "min_samples_split": 15, "min_samples_leaf": 4, "min_weight_fraction_leaf": 0.03802662769906312, "criterion": "gini", "splitter": "random", "min_impurity_decrease": 0.00040077702490804194, "class_weight": "balanced"}, "user_attrs": {}}{"number": 83, "value": 0.7803551713435033, "params": {"max_depth": 9, "min_samples_split": 13, "min_samples_leaf": 4, "min_weight_fraction_leaf": 0.033465528533889594, "criterion": "gini", "splitter": "random", "min_impurity_decrease": 0.0011456646210867465, "class_weight": "balanced"}, "user_attrs": {}}{"number": 84, "value": 0.7780572026348158, "params": {"max_depth": 9, "min_samples_split": 13, "min_samples_leaf": 4, "min_weight_fraction_leaf": 0.03830049625630548, "criterion": "gini", "splitter": "random", "min_impurity_decrease": 0.00021946925844263765, "class_weight": "balanced"}, "user_attrs": {}}{"number": 85, "value": 0.7773376863741392, "params": {"max_depth": 9, "min_samples_split": 13, "min_samples_leaf": 4, "min_weight_fraction_leaf": 0.03707143936682109, "criterion": "gini", "splitter": "random", "min_impurity_decrease": 0.003329831924393718, "class_weight": "balanced"}, "user_attrs": {}}{"number": 86, "value": 0.7839542432568102, "params": {"max_depth": 6, "min_samples_split": 17, "min_samples_leaf": 3, "min_weight_fraction_leaf": 0.03646412537833921, "criterion": "gini", "splitter": "random", "min_impurity_decrease": 0.0006434125758328956, "class_weight": "balanced"}, "user_attrs": {}}{"number": 87, "value": 0.7672333168561541, "params": {"max_depth": 9, "min_samples_split": 16, "min_samples_leaf": 4, "min_weight_fraction_leaf": 0.0174191152887733, "criterion": "gini", "splitter": "random", "min_impurity_decrease": 0.021575590591590643, "class_weight": "balanced"}, "user_attrs": {}}{"number": 88, "value": 0.7944186736254009, "params": {"max_depth": 9, "min_samples_split": 16, "min_samples_leaf": 4, "min_weight_fraction_leaf": 0.021832539016397298, "criterion": "gini", "splitter": "random", "min_impurity_decrease": 0.00016690065702814607, "class_weight": "balanced"}, "user_attrs": {}}{"number": 89, "value": 0.7677035065736281, "params": {"max_depth": 9, "min_samples_split": 16, "min_samples_leaf": 4, "min_weight_fraction_leaf": 0.036151101453277504, "criterion": "gini", "splitter": "random", "min_impurity_decrease": 0.02101355622529896, "class_weight": "balanced"}, "user_attrs": {}}{"number": 90, "value": 0.8011185398920171, "params": {"max_depth": 6, "min_samples_split": 17, "min_samples_leaf": 3, "min_weight_fraction_leaf": 0.010511870430246149, "criterion": "entropy", "splitter": "random", "min_impurity_decrease": 0.0003209771655041894, "class_weight": "balanced"}, "user_attrs": {}}{"number": 91, "value": 0.76435402560477, "params": {"max_depth": 6, "min_samples_split": 17, "min_samples_leaf": 3, "min_weight_fraction_leaf": 0.002310657364514676, "criterion": "entropy", "splitter": "random", "min_impurity_decrease": 0.08776139215777838, "class_weight": "balanced"}, "user_attrs": {}}{"number": 92, "value": 0.8039697624603876, "params": {"max_depth": 6, "min_samples_split": 17, "min_samples_leaf": 3, "min_weight_fraction_leaf": 0.010394450468474498, "criterion": "entropy", "splitter": "random", "min_impurity_decrease": 0.0005214033681798826, "class_weight": "balanced"}, "user_attrs": {}}{"number": 93, "value": 0.7831790571221648, "params": {"max_depth": 8, "min_samples_split": 17, "min_samples_leaf": 2, "min_weight_fraction_leaf": 0.034047481299792307, "criterion": "gini", "splitter": "random", "min_impurity_decrease": 0.00016730495511949566, "class_weight": "balanced"}, "user_attrs": {}}{"number": 94, "value": 0.7948340748063931, "params": {"max_depth": 5, "min_samples_split": 19, "min_samples_leaf": 2, "min_weight_fraction_leaf": 0.018930264612680714, "criterion": "entropy", "splitter": "random", "min_impurity_decrease": 0.0009662791436041308, "class_weight": "balanced"}, "user_attrs": {}}{"number": 95, "value": 0.767897550264976, "params": {"max_depth": 5, "min_samples_split": 17, "min_samples_leaf": 2, "min_weight_fraction_leaf": 0.013549500474094932, "criterion": "entropy", "splitter": "random", "min_impurity_decrease": 0.011562923536124578, "class_weight": "balanced"}, "user_attrs": {}}{"number": 96, "value": 0.7639941141983468, "params": {"max_depth": 5, "min_samples_split": 19, "min_samples_leaf": 2, "min_weight_fraction_leaf": 0.017362792494389337, "criterion": "entropy", "splitter": "random", "min_impurity_decrease": 0.011444015329858757, "class_weight": "balanced"}, "user_attrs": {}}{"number": 97, "value": 0.7886051646376745, "params": {"max_depth": 4, "min_samples_split": 19, "min_samples_leaf": 2, "min_weight_fraction_leaf": 0.020340870813455723, "criterion": "entropy", "splitter": "random", "min_impurity_decrease": 0.0003339297604000889, "class_weight": "balanced"}, "user_attrs": {}}{"number": 98, "value": 0.7892970298926685, "params": {"max_depth": 4, "min_samples_split": 19, "min_samples_leaf": 2, "min_weight_fraction_leaf": 0.020341323915151956, "criterion": "entropy", "splitter": "random", "min_impurity_decrease": 3.993517519903302e-05, "class_weight": "balanced"}, "user_attrs": {}}{"number": 99, "value": 0.7810198224296558, "params": {"max_depth": 4, "min_samples_split": 19, "min_samples_leaf": 2, "min_weight_fraction_leaf": 0.027919130776452188, "criterion": "entropy", "splitter": "random", "min_impurity_decrease": 0.00033660340357873997, "class_weight": "balanced"}, "user_attrs": {}}