{"number": 0, "value": 0.5390620998057226, "params": {"ccp_alpha": 0.45, "min_impurity_decrease": 0.42}, "user_attrs": {"std_err": 0.001673529012805842}}{"number": 1, "value": 0.5390620998057226, "params": {"ccp_alpha": 0.37, "min_impurity_decrease": 0.29}, "user_attrs": {"std_err": 0.001673529012805842}}{"number": 2, "value": 0.5390620998057226, "params": {"ccp_alpha": 0.2, "min_impurity_decrease": 0.01}, "user_attrs": {"std_err": 0.001673529012805842}}{"number": 3, "value": 0.5390620998057226, "params": {"ccp_alpha": 0.37, "min_impurity_decrease": 0.48}, "user_attrs": {"std_err": 0.001673529012805842}}{"number": 4, "value": 0.5390620998057226, "params": {"ccp_alpha": 0.39, "min_impurity_decrease": 0.38}, "user_attrs": {"std_err": 0.001673529012805842}}{"number": 5, "value": 0.5390620998057226, "params": {"ccp_alpha": 0.09, "min_impurity_decrease": 0.43}, "user_attrs": {"std_err": 0.001673529012805842}}{"number": 6, "value": 0.5390620998057226, "params": {"ccp_alpha": 0.16, "min_impurity_decrease": 0.14}, "user_attrs": {"std_err": 0.001673529012805842}}{"number": 7, "value": 0.5390620998057226, "params": {"ccp_alpha": 0.13, "min_impurity_decrease": 0.22}, "user_attrs": {"std_err": 0.001673529012805842}}{"number": 8, "value": 0.5390620998057226, "params": {"ccp_alpha": 0.11, "min_impurity_decrease": 0.26}, "user_attrs": {"std_err": 0.001673529012805842}}{"number": 9, "value": 0.5390620998057226, "params": {"ccp_alpha": 0.08, "min_impurity_decrease": 0.47000000000000003}, "user_attrs": {"std_err": 0.001673529012805842}}{"number": 10, "value": 0.5390620998057226, "params": {"ccp_alpha": 0.01, "min_impurity_decrease": 0.31}, "user_attrs": {"std_err": 0.001673529012805842}}{"number": 11, "value": 0.5390620998057226, "params": {"ccp_alpha": 0.09, "min_impurity_decrease": 0.41000000000000003}, "user_attrs": {"std_err": 0.001673529012805842}}{"number": 12, "value": 0.734316936624171, "params": {"ccp_alpha": 0.03, "min_impurity_decrease": 0.05}, "user_attrs": {"std_err": 0.0013320365373816854}}{"number": 13, "value": 0.5390620998057226, "params": {"ccp_alpha": 0.45, "min_impurity_decrease": 0.37}, "user_attrs": {"std_err": 0.001673529012805842}}{"number": 14, "value": 0.5390620998057226, "params": {"ccp_alpha": 0.46, "min_impurity_decrease": 0.35000000000000003}, "user_attrs": {"std_err": 0.001673529012805842}}{"number": 15, "value": 0.5390620998057226, "params": {"ccp_alpha": 0.5, "min_impurity_decrease": 0.33}, "user_attrs": {"std_err": 0.001673529012805842}}{"number": 16, "value": 0.5390620998057226, "params": {"ccp_alpha": 0.28, "min_impurity_decrease": 0.17}, "user_attrs": {"std_err": 0.001673529012805842}}{"number": 17, "value": 0.5390620998057226, "params": {"ccp_alpha": 0.3, "min_impurity_decrease": 0.22}, "user_attrs": {"std_err": 0.001673529012805842}}{"number": 18, "value": 0.5390620998057226, "params": {"ccp_alpha": 0.26, "min_impurity_decrease": 0.0}, "user_attrs": {"std_err": 0.001673529012805842}}{"number": 19, "value": 0.5390620998057226, "params": {"ccp_alpha": 0.3, "min_impurity_decrease": 0.02}, "user_attrs": {"std_err": 0.001673529012805842}}{"number": 20, "value": 0.7719671107841222, "params": {"ccp_alpha": 0.0, "min_impurity_decrease": 0.02}, "user_attrs": {"std_err": 0.001233228373072663}}{"number": 21, "value": 0.7793588154824173, "params": {"ccp_alpha": 0.01, "min_impurity_decrease": 0.01}, "user_attrs": {"std_err": 0.0003823189800124706}}{"number": 22, "value": 0.5390620998057226, "params": {"ccp_alpha": 0.0, "min_impurity_decrease": 0.08}, "user_attrs": {"std_err": 0.001673529012805842}}{"number": 23, "value": 0.7374175777013952, "params": {"ccp_alpha": 0.0, "min_impurity_decrease": 0.06}, "user_attrs": {"std_err": 0.0011150327687006467}}{"number": 24, "value": 0.7374175777013952, "params": {"ccp_alpha": 0.02, "min_impurity_decrease": 0.07}, "user_attrs": {"std_err": 0.0011150327687006467}}{"number": 25, "value": 0.5390620998057226, "params": {"ccp_alpha": 0.04, "min_impurity_decrease": 0.08}, "user_attrs": {"std_err": 0.001673529012805842}}{"number": 26, "value": 0.5390620998057226, "params": {"ccp_alpha": 0.04, "min_impurity_decrease": 0.1}, "user_attrs": {"std_err": 0.001673529012805842}}{"number": 27, "value": 0.5390620998057226, "params": {"ccp_alpha": 0.05, "min_impurity_decrease": 0.11}, "user_attrs": {"std_err": 0.001673529012805842}}{"number": 28, "value": 0.5390620998057226, "params": {"ccp_alpha": 0.06, "min_impurity_decrease": 0.12}, "user_attrs": {"std_err": 0.001673529012805842}}{"number": 29, "value": 0.5390620998057226, "params": {"ccp_alpha": 0.19, "min_impurity_decrease": 0.14}, "user_attrs": {"std_err": 0.001673529012805842}}{"number": 30, "value": 0.5390620998057226, "params": {"ccp_alpha": 0.17, "min_impurity_decrease": 0.0}, "user_attrs": {"std_err": 0.001673529012805842}}{"number": 31, "value": 0.5390620998057226, "params": {"ccp_alpha": 0.2, "min_impurity_decrease": 0.0}, "user_attrs": {"std_err": 0.001673529012805842}}{"number": 32, "value": 0.5390620998057226, "params": {"ccp_alpha": 0.14, "min_impurity_decrease": 0.0}, "user_attrs": {"std_err": 0.001673529012805842}}{"number": 33, "value": 0.5390620998057226, "params": {"ccp_alpha": 0.14, "min_impurity_decrease": 0.04}, "user_attrs": {"std_err": 0.001673529012805842}}{"number": 34, "value": 0.7332375204527775, "params": {"ccp_alpha": 0.01, "min_impurity_decrease": 0.05}, "user_attrs": {"std_err": 0.0017963120815161972}}{"number": 35, "value": 0.7374175777013952, "params": {"ccp_alpha": 0.0, "min_impurity_decrease": 0.06}, "user_attrs": {"std_err": 0.0011150327687006467}}{"number": 36, "value": 0.6571296485762568, "params": {"ccp_alpha": 0.07, "min_impurity_decrease": 0.0}, "user_attrs": {"std_err": 0.04412578292889366}}{"number": 37, "value": 0.5390620998057226, "params": {"ccp_alpha": 0.08, "min_impurity_decrease": 0.19}, "user_attrs": {"std_err": 0.001673529012805842}}{"number": 38, "value": 0.5390620998057226, "params": {"ccp_alpha": 0.07, "min_impurity_decrease": 0.17}, "user_attrs": {"std_err": 0.001673529012805842}}{"number": 39, "value": 0.5390620998057226, "params": {"ccp_alpha": 0.07, "min_impurity_decrease": 0.19}, "user_attrs": {"std_err": 0.001673529012805842}}{"number": 40, "value": 0.7374175777013952, "params": {"ccp_alpha": 0.06, "min_impurity_decrease": 0.03}, "user_attrs": {"std_err": 0.0011150327687006467}}{"number": 41, "value": 0.5771019669153571, "params": {"ccp_alpha": 0.03, "min_impurity_decrease": 0.08}, "user_attrs": {"std_err": 0.03551252856567069}}{"number": 42, "value": 0.5390620998057226, "params": {"ccp_alpha": 0.02, "min_impurity_decrease": 0.08}, "user_attrs": {"std_err": 0.001673529012805842}}{"number": 43, "value": 0.5390620998057226, "params": {"ccp_alpha": 0.11, "min_impurity_decrease": 0.07}, "user_attrs": {"std_err": 0.001673529012805842}}{"number": 44, "value": 0.7374175777013952, "params": {"ccp_alpha": 0.0, "min_impurity_decrease": 0.06}, "user_attrs": {"std_err": 0.0011150327687006467}}{"number": 45, "value": 0.7298594381665114, "params": {"ccp_alpha": 0.01, "min_impurity_decrease": 0.06}, "user_attrs": {"std_err": 0.006915522205904042}}{"number": 46, "value": 0.7272855571777275, "params": {"ccp_alpha": 0.0, "min_impurity_decrease": 0.05}, "user_attrs": {"std_err": 0.004449589142678501}}{"number": 47, "value": 0.766900838036993, "params": {"ccp_alpha": 0.0, "min_impurity_decrease": 0.03}, "user_attrs": {"std_err": 0.001989882491023412}}{"number": 48, "value": 0.7652673901297866, "params": {"ccp_alpha": 0.0, "min_impurity_decrease": 0.03}, "user_attrs": {"std_err": 0.002202382442746727}}{"number": 49, "value": 0.5390620998057226, "params": {"ccp_alpha": 0.1, "min_impurity_decrease": 0.03}, "user_attrs": {"std_err": 0.001673529012805842}}{"number": 50, "value": 0.7700846582134906, "params": {"ccp_alpha": 0.03, "min_impurity_decrease": 0.02}, "user_attrs": {"std_err": 0.0012676412529941629}}{"number": 51, "value": 0.5390620998057226, "params": {"ccp_alpha": 0.11, "min_impurity_decrease": 0.02}, "user_attrs": {"std_err": 0.001673529012805842}}{"number": 52, "value": 0.7636618078147812, "params": {"ccp_alpha": 0.04, "min_impurity_decrease": 0.02}, "user_attrs": {"std_err": 0.002198961700968851}}{"number": 53, "value": 0.5390620998057226, "params": {"ccp_alpha": 0.35000000000000003, "min_impurity_decrease": 0.27}, "user_attrs": {"std_err": 0.001673529012805842}}{"number": 54, "value": 0.7606443994834595, "params": {"ccp_alpha": 0.04, "min_impurity_decrease": 0.03}, "user_attrs": {"std_err": 0.0014631544129560788}}{"number": 55, "value": 0.7641046569106438, "params": {"ccp_alpha": 0.04, "min_impurity_decrease": 0.02}, "user_attrs": {"std_err": 0.002364957703232234}}{"number": 56, "value": 0.7633850831714355, "params": {"ccp_alpha": 0.04, "min_impurity_decrease": 0.02}, "user_attrs": {"std_err": 0.0018386930405829332}}{"number": 57, "value": 0.5390620998057226, "params": {"ccp_alpha": 0.03, "min_impurity_decrease": 0.1}, "user_attrs": {"std_err": 0.001673529012805842}}{"number": 58, "value": 0.5390620998057226, "params": {"ccp_alpha": 0.02, "min_impurity_decrease": 0.1}, "user_attrs": {"std_err": 0.001673529012805842}}{"number": 59, "value": 0.5390620998057226, "params": {"ccp_alpha": 0.02, "min_impurity_decrease": 0.1}, "user_attrs": {"std_err": 0.001673529012805842}}{"number": 60, "value": 0.5390620998057226, "params": {"ccp_alpha": 0.08, "min_impurity_decrease": 0.14}, "user_attrs": {"std_err": 0.001673529012805842}}{"number": 61, "value": 0.5390620998057226, "params": {"ccp_alpha": 0.09, "min_impurity_decrease": 0.13}, "user_attrs": {"std_err": 0.001673529012805842}}{"number": 62, "value": 0.5390620998057226, "params": {"ccp_alpha": 0.09, "min_impurity_decrease": 0.13}, "user_attrs": {"std_err": 0.001673529012805842}}{"number": 63, "value": 0.5390620998057226, "params": {"ccp_alpha": 0.06, "min_impurity_decrease": 0.14}, "user_attrs": {"std_err": 0.001673529012805842}}{"number": 64, "value": 0.7376388662168014, "params": {"ccp_alpha": 0.05, "min_impurity_decrease": 0.04}, "user_attrs": {"std_err": 0.002058803419389813}}{"number": 65, "value": 0.7371407151095732, "params": {"ccp_alpha": 0.05, "min_impurity_decrease": 0.02}, "user_attrs": {"std_err": 0.0009941982924342701}}{"number": 66, "value": 0.5390620998057226, "params": {"ccp_alpha": 0.05, "min_impurity_decrease": 0.5}, "user_attrs": {"std_err": 0.001673529012805842}}{"number": 67, "value": 0.744808814907632, "params": {"ccp_alpha": 0.05, "min_impurity_decrease": 0.02}, "user_attrs": {"std_err": 0.005237806348468943}}{"number": 68, "value": 0.5390620998057226, "params": {"ccp_alpha": 0.22, "min_impurity_decrease": 0.02}, "user_attrs": {"std_err": 0.001673529012805842}}{"number": 69, "value": 0.7727974878049715, "params": {"ccp_alpha": 0.02, "min_impurity_decrease": 0.02}, "user_attrs": {"std_err": 0.0027780554321698517}}{"number": 70, "value": 0.5390620998057226, "params": {"ccp_alpha": 0.24, "min_impurity_decrease": 0.01}, "user_attrs": {"std_err": 0.001673529012805842}}{"number": 71, "value": 0.7584018783984183, "params": {"ccp_alpha": 0.02, "min_impurity_decrease": 0.04}, "user_attrs": {"std_err": 0.001727632086449308}}{"number": 72, "value": 0.7591492947384152, "params": {"ccp_alpha": 0.02, "min_impurity_decrease": 0.04}, "user_attrs": {"std_err": 0.0018283384098548249}}{"number": 73, "value": 0.7569623094107684, "params": {"ccp_alpha": 0.0, "min_impurity_decrease": 0.04}, "user_attrs": {"std_err": 0.0028518043472228563}}{"number": 74, "value": 0.759093935248518, "params": {"ccp_alpha": 0.02, "min_impurity_decrease": 0.04}, "user_attrs": {"std_err": 0.0017420836018756697}}{"number": 75, "value": 0.758872290366215, "params": {"ccp_alpha": 0.03, "min_impurity_decrease": 0.04}, "user_attrs": {"std_err": 0.0030755165155520775}}{"number": 76, "value": 0.8423674219345741, "params": {"ccp_alpha": 0.0, "min_impurity_decrease": 0.0}, "user_attrs": {"std_err": 0.0013350607724305207}}{"number": 77, "value": 0.7827084497273601, "params": {"ccp_alpha": 0.03, "min_impurity_decrease": 0.0}, "user_attrs": {"std_err": 0.002775533067388853}}{"number": 78, "value": 0.7836220326707974, "params": {"ccp_alpha": 0.03, "min_impurity_decrease": 0.0}, "user_attrs": {"std_err": 0.001278853862910334}}{"number": 79, "value": 0.5390620998057226, "params": {"ccp_alpha": 0.13, "min_impurity_decrease": 0.0}, "user_attrs": {"std_err": 0.001673529012805842}}{"number": 80, "value": 0.7997339433721505, "params": {"ccp_alpha": 0.01, "min_impurity_decrease": 0.0}, "user_attrs": {"std_err": 0.0023590116860497767}}{"number": 81, "value": 0.8420351998528549, "params": {"ccp_alpha": 0.0, "min_impurity_decrease": 0.0}, "user_attrs": {"std_err": 0.001354794369492593}}{"number": 82, "value": 0.5390620998057226, "params": {"ccp_alpha": 0.13, "min_impurity_decrease": 0.0}, "user_attrs": {"std_err": 0.001673529012805842}}{"number": 83, "value": 0.7999277839726862, "params": {"ccp_alpha": 0.01, "min_impurity_decrease": 0.0}, "user_attrs": {"std_err": 0.0017367884895407109}}{"number": 84, "value": 0.7990142546758786, "params": {"ccp_alpha": 0.01, "min_impurity_decrease": 0.0}, "user_attrs": {"std_err": 0.0015812572469905198}}{"number": 85, "value": 0.8001215747584943, "params": {"ccp_alpha": 0.01, "min_impurity_decrease": 0.0}, "user_attrs": {"std_err": 0.002426219676773742}}{"number": 86, "value": 0.7771160146685213, "params": {"ccp_alpha": 0.01, "min_impurity_decrease": 0.01}, "user_attrs": {"std_err": 0.0030675197753389527}}{"number": 87, "value": 0.779247809109964, "params": {"ccp_alpha": 0.01, "min_impurity_decrease": 0.01}, "user_attrs": {"std_err": 0.0020912827975572766}}{"number": 88, "value": 0.7787495851965958, "params": {"ccp_alpha": 0.01, "min_impurity_decrease": 0.01}, "user_attrs": {"std_err": 0.0015643062462939894}}{"number": 89, "value": 0.7996786145374702, "params": {"ccp_alpha": 0.01, "min_impurity_decrease": 0.0}, "user_attrs": {"std_err": 0.0020983434947955187}}{"number": 90, "value": 0.5390620998057226, "params": {"ccp_alpha": 0.07, "min_impurity_decrease": 0.43}, "user_attrs": {"std_err": 0.001673529012805842}}{"number": 91, "value": 0.5390620998057226, "params": {"ccp_alpha": 0.41000000000000003, "min_impurity_decrease": 0.0}, "user_attrs": {"std_err": 0.001673529012805842}}{"number": 92, "value": 0.7374175777013952, "params": {"ccp_alpha": 0.06, "min_impurity_decrease": 0.0}, "user_attrs": {"std_err": 0.0011150327687006467}}{"number": 93, "value": 0.7374175777013952, "params": {"ccp_alpha": 0.06, "min_impurity_decrease": 0.0}, "user_attrs": {"std_err": 0.0011150327687006467}}{"number": 94, "value": 0.783455827748336, "params": {"ccp_alpha": 0.03, "min_impurity_decrease": 0.0}, "user_attrs": {"std_err": 0.0017420725738842276}}{"number": 95, "value": 0.7842865994551035, "params": {"ccp_alpha": 0.03, "min_impurity_decrease": 0.0}, "user_attrs": {"std_err": 0.0009179200845678397}}{"number": 96, "value": 0.7318530120666598, "params": {"ccp_alpha": 0.01, "min_impurity_decrease": 0.05}, "user_attrs": {"std_err": 0.0024132138323559957}}{"number": 97, "value": 0.7374175777013952, "params": {"ccp_alpha": 0.03, "min_impurity_decrease": 0.07}, "user_attrs": {"std_err": 0.0011150327687006467}}{"number": 98, "value": 0.5390620998057226, "params": {"ccp_alpha": 0.03, "min_impurity_decrease": 0.32}, "user_attrs": {"std_err": 0.001673529012805842}}{"number": 99, "value": 0.7791926143918579, "params": {"ccp_alpha": 0.03, "min_impurity_decrease": 0.01}, "user_attrs": {"std_err": 0.0012844190598587028}}