{"number": 0, "value": 0.8349884321053569, "params": {"learning_rate": 0.8768868948451953, "min_child_weight": 5, "scale_pos_weight": 4}, "user_attrs": {"std_err": 0.001774257634986943}}{"number": 1, "value": 0.8429613810286527, "params": {"learning_rate": 0.25692465497067896, "min_child_weight": 9, "scale_pos_weight": 4}, "user_attrs": {"std_err": 0.0024657860316597536}}{"number": 2, "value": 0.8351308061932728, "params": {"learning_rate": 0.8679674121029008, "min_child_weight": 4, "scale_pos_weight": 4}, "user_attrs": {"std_err": 0.0022180219671671074}}{"number": 3, "value": 0.8424630717209467, "params": {"learning_rate": 0.015867324385075945, "min_child_weight": 2, "scale_pos_weight": 2}, "user_attrs": {"std_err": 0.0030487674831381393}}{"number": 4, "value": 0.801281366791244, "params": {"learning_rate": 0.029255293155222045, "min_child_weight": 2, "scale_pos_weight": 10}, "user_attrs": {"std_err": 0.0017879147265720571}}{"number": 5, "value": 0.8302544936821498, "params": {"learning_rate": 0.9690924630460206, "min_child_weight": 8, "scale_pos_weight": 8}, "user_attrs": {"std_err": 0.0011192450760367852}}{"number": 6, "value": 0.8340985940558818, "params": {"learning_rate": 0.8229142221372093, "min_child_weight": 9, "scale_pos_weight": 7}, "user_attrs": {"std_err": 0.0018930935911551068}}{"number": 7, "value": 0.8264103933084179, "params": {"learning_rate": 0.9509374300841026, "min_child_weight": 10, "scale_pos_weight": 9}, "user_attrs": {"std_err": 0.002257089604376355}}{"number": 8, "value": 0.8319985762591209, "params": {"learning_rate": 0.9882662101264831, "min_child_weight": 5, "scale_pos_weight": 1}, "user_attrs": {"std_err": 0.0014237408791599915}}{"number": 9, "value": 0.8410393308417868, "params": {"learning_rate": 0.38383891227478045, "min_child_weight": 10, "scale_pos_weight": 10}, "user_attrs": {"std_err": 0.0022018556615110794}}{"number": 10, "value": 0.8320697633030789, "params": {"learning_rate": 0.9426175255456872, "min_child_weight": 7, "scale_pos_weight": 8}, "user_attrs": {"std_err": 0.0016073145451243702}}{"number": 11, "value": 0.8389749065670047, "params": {"learning_rate": 0.7115698848552813, "min_child_weight": 4, "scale_pos_weight": 7}, "user_attrs": {"std_err": 0.0022986912675893464}}{"number": 12, "value": 0.8406122085780389, "params": {"learning_rate": 0.7994349042706453, "min_child_weight": 2, "scale_pos_weight": 3}, "user_attrs": {"std_err": 0.0013964278153680565}}{"number": 13, "value": 0.8427122263747997, "params": {"learning_rate": 0.31651562656557036, "min_child_weight": 7, "scale_pos_weight": 5}, "user_attrs": {"std_err": 0.002223612525475262}}{"number": 14, "value": 0.8543513080619327, "params": {"learning_rate": 0.06446293198000325, "min_child_weight": 1, "scale_pos_weight": 1}, "user_attrs": {"std_err": 0.0016025783167402299}}{"number": 15, "value": 0.8534970635344367, "params": {"learning_rate": 0.027380246467059485, "min_child_weight": 1, "scale_pos_weight": 1}, "user_attrs": {"std_err": 0.002823084662962651}}{"number": 16, "value": 0.8537818117102688, "params": {"learning_rate": 0.04664552553358192, "min_child_weight": 1, "scale_pos_weight": 1}, "user_attrs": {"std_err": 0.002463215736767625}}{"number": 17, "value": 0.8448122441715608, "params": {"learning_rate": 0.2804426165179241, "min_child_weight": 7, "scale_pos_weight": 5}, "user_attrs": {"std_err": 0.001730592031485069}}{"number": 18, "value": 0.8520021356113187, "params": {"learning_rate": 0.18342883270919097, "min_child_weight": 1, "scale_pos_weight": 1}, "user_attrs": {"std_err": 0.0021115090056960015}}{"number": 19, "value": 0.8513614522156967, "params": {"learning_rate": 0.15265264557701014, "min_child_weight": 1, "scale_pos_weight": 1}, "user_attrs": {"std_err": 0.0018380875218987059}}{"number": 20, "value": 0.8515394198255917, "params": {"learning_rate": 0.14273500415673177, "min_child_weight": 1, "scale_pos_weight": 1}, "user_attrs": {"std_err": 0.0014704906948243234}}{"number": 21, "value": 0.8511478910838226, "params": {"learning_rate": 0.16568374016811865, "min_child_weight": 1, "scale_pos_weight": 2}, "user_attrs": {"std_err": 0.0022643747152718474}}{"number": 22, "value": 0.8427834134187577, "params": {"learning_rate": 0.5081501675336257, "min_child_weight": 3, "scale_pos_weight": 2}, "user_attrs": {"std_err": 0.0014171407794039384}}{"number": 23, "value": 0.8440291866880228, "params": {"learning_rate": 0.47674517908324837, "min_child_weight": 3, "scale_pos_weight": 3}, "user_attrs": {"std_err": 0.0017470582719274462}}{"number": 24, "value": 0.8444919024737498, "params": {"learning_rate": 0.48055563686900366, "min_child_weight": 3, "scale_pos_weight": 2}, "user_attrs": {"std_err": 0.0018843736295899205}}{"number": 25, "value": 0.8434240968143797, "params": {"learning_rate": 0.586623033061664, "min_child_weight": 3, "scale_pos_weight": 2}, "user_attrs": {"std_err": 0.0010382087963818267}}{"number": 26, "value": 0.8478376935397758, "params": {"learning_rate": 0.07550146388157203, "min_child_weight": 3, "scale_pos_weight": 3}, "user_attrs": {"std_err": 0.002346474422331295}}{"number": 27, "value": 0.8480512546716497, "params": {"learning_rate": 0.0815440768920235, "min_child_weight": 3, "scale_pos_weight": 3}, "user_attrs": {"std_err": 0.0027842234859064953}}{"number": 28, "value": 0.8479800676276916, "params": {"learning_rate": 0.08557736156032147, "min_child_weight": 2, "scale_pos_weight": 3}, "user_attrs": {"std_err": 0.0029426178761762273}}{"number": 29, "value": 0.8484071898914397, "params": {"learning_rate": 0.08823219347498243, "min_child_weight": 2, "scale_pos_weight": 3}, "user_attrs": {"std_err": 0.002277651692943712}}{"number": 30, "value": 0.8511478910838226, "params": {"learning_rate": 0.0992209015235744, "min_child_weight": 2, "scale_pos_weight": 1}, "user_attrs": {"std_err": 0.0022013953111691157}}{"number": 31, "value": 0.8491902473749778, "params": {"learning_rate": 0.2349879564977122, "min_child_weight": 2, "scale_pos_weight": 1}, "user_attrs": {"std_err": 0.001394612149777179}}{"number": 32, "value": 0.8492970279409147, "params": {"learning_rate": 0.23059738012134767, "min_child_weight": 5, "scale_pos_weight": 1}, "user_attrs": {"std_err": 0.002570335366846768}}{"number": 33, "value": 0.8472326036661328, "params": {"learning_rate": 0.2351737284922616, "min_child_weight": 5, "scale_pos_weight": 1}, "user_attrs": {"std_err": 0.0012819598793531659}}{"number": 34, "value": 0.8497597437266418, "params": {"learning_rate": 0.2372732338402254, "min_child_weight": 1, "scale_pos_weight": 1}, "user_attrs": {"std_err": 0.0015615783116650018}}{"number": 35, "value": 0.8496885566826837, "params": {"learning_rate": 0.21059375523352258, "min_child_weight": 1, "scale_pos_weight": 1}, "user_attrs": {"std_err": 0.001438436349436199}}{"number": 36, "value": 0.8382986296494039, "params": {"learning_rate": 0.010259146315164391, "min_child_weight": 1, "scale_pos_weight": 2}, "user_attrs": {"std_err": 0.0030116410706026147}}{"number": 37, "value": 0.8415020466275138, "params": {"learning_rate": 0.014458010941458425, "min_child_weight": 1, "scale_pos_weight": 2}, "user_attrs": {"std_err": 0.002907622588645547}}{"number": 38, "value": 0.8179035415554369, "params": {"learning_rate": 0.015388216396920167, "min_child_weight": 1, "scale_pos_weight": 4}, "user_attrs": {"std_err": 0.002574767577197389}}{"number": 39, "value": 0.8338850329240077, "params": {"learning_rate": 0.034540057502968353, "min_child_weight": 1, "scale_pos_weight": 4}, "user_attrs": {"std_err": 0.0029790736012865657}}{"number": 40, "value": 0.8439935931660438, "params": {"learning_rate": 0.3514848221944243, "min_child_weight": 4, "scale_pos_weight": 4}, "user_attrs": {"std_err": 0.0023207413056529564}}{"number": 41, "value": 0.8465207332265529, "params": {"learning_rate": 0.3221286532605137, "min_child_weight": 4, "scale_pos_weight": 4}, "user_attrs": {"std_err": 0.0018076463710244618}}{"number": 42, "value": 0.8469834490122798, "params": {"learning_rate": 0.1512290007406079, "min_child_weight": 4, "scale_pos_weight": 4}, "user_attrs": {"std_err": 0.001679622059612549}}{"number": 43, "value": 0.8470190425342589, "params": {"learning_rate": 0.347137660607499, "min_child_weight": 4, "scale_pos_weight": 4}, "user_attrs": {"std_err": 0.0016245625855813006}}{"number": 44, "value": 0.8502580530343478, "params": {"learning_rate": 0.1562898845173798, "min_child_weight": 2, "scale_pos_weight": 2}, "user_attrs": {"std_err": 0.0016190945034723686}}{"number": 45, "value": 0.8506139882541376, "params": {"learning_rate": 0.15474604652898785, "min_child_weight": 2, "scale_pos_weight": 2}, "user_attrs": {"std_err": 0.001408172579093997}}{"number": 46, "value": 0.8508987364299697, "params": {"learning_rate": 0.13217105449219096, "min_child_weight": 2, "scale_pos_weight": 2}, "user_attrs": {"std_err": 0.0013962463550573321}}{"number": 47, "value": 0.8501156789464318, "params": {"learning_rate": 0.17341777326256508, "min_child_weight": 2, "scale_pos_weight": 2}, "user_attrs": {"std_err": 0.0020474166093323353}}{"number": 48, "value": 0.8516462003915288, "params": {"learning_rate": 0.18771924134706697, "min_child_weight": 1, "scale_pos_weight": 1}, "user_attrs": {"std_err": 0.001915844258613521}}{"number": 49, "value": 0.8522512902651718, "params": {"learning_rate": 0.10642867967078565, "min_child_weight": 6, "scale_pos_weight": 1}, "user_attrs": {"std_err": 0.001744736213055167}}{"number": 50, "value": 0.8532123153586049, "params": {"learning_rate": 0.06910662023140944, "min_child_weight": 6, "scale_pos_weight": 1}, "user_attrs": {"std_err": 0.0015992546111574164}}{"number": 51, "value": 0.8534614700124579, "params": {"learning_rate": 0.06030618761382206, "min_child_weight": 1, "scale_pos_weight": 1}, "user_attrs": {"std_err": 0.0019012405623066576}}{"number": 52, "value": 0.8377647268197188, "params": {"learning_rate": 0.07077139750888845, "min_child_weight": 6, "scale_pos_weight": 6}, "user_attrs": {"std_err": 0.002984172430213667}}{"number": 53, "value": 0.8336714717921339, "params": {"learning_rate": 0.0699796463633896, "min_child_weight": 6, "scale_pos_weight": 7}, "user_attrs": {"std_err": 0.0032829501259995634}}{"number": 54, "value": 0.8543513080619327, "params": {"learning_rate": 0.04586114561242309, "min_child_weight": 6, "scale_pos_weight": 1}, "user_attrs": {"std_err": 0.001879122229794221}}{"number": 55, "value": 0.830112119594234, "params": {"learning_rate": 0.04888556316579967, "min_child_weight": 6, "scale_pos_weight": 6}, "user_attrs": {"std_err": 0.002658147480045611}}{"number": 56, "value": 0.8553835201993237, "params": {"learning_rate": 0.048520569839931825, "min_child_weight": 6, "scale_pos_weight": 1}, "user_attrs": {"std_err": 0.0022048455958909733}}{"number": 57, "value": 0.8532123153586045, "params": {"learning_rate": 0.04803007859496429, "min_child_weight": 8, "scale_pos_weight": 1}, "user_attrs": {"std_err": 0.0025445758825684214}}{"number": 58, "value": 0.8549563979355759, "params": {"learning_rate": 0.05069979705530001, "min_child_weight": 7, "scale_pos_weight": 1}, "user_attrs": {"std_err": 0.002195863579311209}}{"number": 59, "value": 0.8503292400783057, "params": {"learning_rate": 0.11963537337561542, "min_child_weight": 9, "scale_pos_weight": 1}, "user_attrs": {"std_err": 0.0013212821636070795}}{"number": 60, "value": 0.8514682327816339, "params": {"learning_rate": 0.1172287999853762, "min_child_weight": 7, "scale_pos_weight": 1}, "user_attrs": {"std_err": 0.0020745863748461314}}{"number": 61, "value": 0.8468766684463427, "params": {"learning_rate": 0.27765389667181894, "min_child_weight": 7, "scale_pos_weight": 2}, "user_attrs": {"std_err": 0.0018202180527962155}}{"number": 62, "value": 0.8492258408969567, "params": {"learning_rate": 0.12440137317922226, "min_child_weight": 8, "scale_pos_weight": 2}, "user_attrs": {"std_err": 0.001858649958053395}}{"number": 63, "value": 0.8490122797650826, "params": {"learning_rate": 0.12646587515051091, "min_child_weight": 7, "scale_pos_weight": 2}, "user_attrs": {"std_err": 0.001354051680439704}}{"number": 64, "value": 0.819362875956576, "params": {"learning_rate": 0.04843367831090356, "min_child_weight": 8, "scale_pos_weight": 9}, "user_attrs": {"std_err": 0.002861683750452647}}{"number": 65, "value": 0.8486207510233138, "params": {"learning_rate": 0.0421216994431155, "min_child_weight": 8, "scale_pos_weight": 2}, "user_attrs": {"std_err": 0.002702108658760879}}{"number": 66, "value": 0.836839295248265, "params": {"learning_rate": 0.6739757441587608, "min_child_weight": 7, "scale_pos_weight": 1}, "user_attrs": {"std_err": 0.0013998710920887741}}{"number": 67, "value": 0.8536750311443317, "params": {"learning_rate": 0.0370488763503909, "min_child_weight": 6, "scale_pos_weight": 1}, "user_attrs": {"std_err": 0.0016946404383856362}}{"number": 68, "value": 0.8397935575725217, "params": {"learning_rate": 0.7237081618942365, "min_child_weight": 5, "scale_pos_weight": 1}, "user_attrs": {"std_err": 0.0018668115164463628}}{"number": 69, "value": 0.8386901583911728, "params": {"learning_rate": 0.6755860833538094, "min_child_weight": 5, "scale_pos_weight": 1}, "user_attrs": {"std_err": 0.0016600476754306363}}{"number": 70, "value": 0.8526784125289197, "params": {"learning_rate": 0.09444982185697803, "min_child_weight": 5, "scale_pos_weight": 1}, "user_attrs": {"std_err": 0.001921654662592457}}{"number": 71, "value": 0.8484427834134187, "params": {"learning_rate": 0.20292538163512686, "min_child_weight": 5, "scale_pos_weight": 1}, "user_attrs": {"std_err": 0.002143072923319101}}{"number": 72, "value": 0.8342765616657767, "params": {"learning_rate": 0.8902441858244672, "min_child_weight": 6, "scale_pos_weight": 3}, "user_attrs": {"std_err": 0.00239584329916723}}{"number": 73, "value": 0.8469478554903007, "params": {"learning_rate": 0.09356305532519796, "min_child_weight": 6, "scale_pos_weight": 3}, "user_attrs": {"std_err": 0.0025107943888305236}}{"number": 74, "value": 0.8499377113365367, "params": {"learning_rate": 0.01260398495403589, "min_child_weight": 6, "scale_pos_weight": 1}, "user_attrs": {"std_err": 0.0024983508644073386}}{"number": 75, "value": 0.8395799964406478, "params": {"learning_rate": 0.03471372604156818, "min_child_weight": 6, "scale_pos_weight": 3}, "user_attrs": {"std_err": 0.0032398317849350743}}{"number": 76, "value": 0.8417867948033457, "params": {"learning_rate": 0.4276606741008035, "min_child_weight": 6, "scale_pos_weight": 1}, "user_attrs": {"std_err": 0.0023706461370844147}}{"number": 77, "value": 0.8495461825947677, "params": {"learning_rate": 0.012734257568235194, "min_child_weight": 7, "scale_pos_weight": 1}, "user_attrs": {"std_err": 0.00233163379629791}}{"number": 78, "value": 0.8546004627157856, "params": {"learning_rate": 0.05016004910944796, "min_child_weight": 1, "scale_pos_weight": 1}, "user_attrs": {"std_err": 0.0014103301481515594}}{"number": 79, "value": 0.8512190781277807, "params": {"learning_rate": 0.06818250626100815, "min_child_weight": 1, "scale_pos_weight": 2}, "user_attrs": {"std_err": 0.002611701203465984}}{"number": 80, "value": 0.8525716319629828, "params": {"learning_rate": 0.06176629885288437, "min_child_weight": 1, "scale_pos_weight": 2}, "user_attrs": {"std_err": 0.0027692583587926017}}{"number": 81, "value": 0.8511834846058018, "params": {"learning_rate": 0.06824100379561843, "min_child_weight": 1, "scale_pos_weight": 2}, "user_attrs": {"std_err": 0.00285254932591213}}{"number": 82, "value": 0.8522156967431928, "params": {"learning_rate": 0.10021099441014855, "min_child_weight": 1, "scale_pos_weight": 2}, "user_attrs": {"std_err": 0.0024560046008237258}}{"number": 83, "value": 0.8496885566826837, "params": {"learning_rate": 0.09684707482883259, "min_child_weight": 7, "scale_pos_weight": 2}, "user_attrs": {"std_err": 0.002585667879603253}}{"number": 84, "value": 0.8552767396333868, "params": {"learning_rate": 0.03629553987584247, "min_child_weight": 1, "scale_pos_weight": 1}, "user_attrs": {"std_err": 0.002024392318811152}}{"number": 85, "value": 0.8547072432817228, "params": {"learning_rate": 0.038352623447038825, "min_child_weight": 1, "scale_pos_weight": 1}, "user_attrs": {"std_err": 0.0021395230237090295}}{"number": 86, "value": 0.8544224951058906, "params": {"learning_rate": 0.04769357001760233, "min_child_weight": 2, "scale_pos_weight": 1}, "user_attrs": {"std_err": 0.002191243135308256}}{"number": 87, "value": 0.8544224951058907, "params": {"learning_rate": 0.03414062380264403, "min_child_weight": 2, "scale_pos_weight": 1}, "user_attrs": {"std_err": 0.002681116153801963}}{"number": 88, "value": 0.8533190959245417, "params": {"learning_rate": 0.032272900178036024, "min_child_weight": 2, "scale_pos_weight": 1}, "user_attrs": {"std_err": 0.0024085008318234483}}{"number": 89, "value": 0.8538174052322478, "params": {"learning_rate": 0.029963423670372944, "min_child_weight": 2, "scale_pos_weight": 1}, "user_attrs": {"std_err": 0.002580272584410585}}{"number": 90, "value": 0.8494394020288307, "params": {"learning_rate": 0.13820593705863427, "min_child_weight": 2, "scale_pos_weight": 1}, "user_attrs": {"std_err": 0.001648867744709087}}{"number": 91, "value": 0.8474817583199858, "params": {"learning_rate": 0.1816008558038622, "min_child_weight": 2, "scale_pos_weight": 5}, "user_attrs": {"std_err": 0.0031419222624259066}}{"number": 92, "value": 0.8517173874354868, "params": {"learning_rate": 0.1408164805156942, "min_child_weight": 2, "scale_pos_weight": 1}, "user_attrs": {"std_err": 0.0022190498603097005}}{"number": 93, "value": 0.8525360384410037, "params": {"learning_rate": 0.13531930490616698, "min_child_weight": 3, "scale_pos_weight": 1}, "user_attrs": {"std_err": 0.0011886317972445986}}{"number": 94, "value": 0.8500444919024737, "params": {"learning_rate": 0.011909449610014618, "min_child_weight": 3, "scale_pos_weight": 1}, "user_attrs": {"std_err": 0.002223726472157311}}{"number": 95, "value": 0.8533190959245417, "params": {"learning_rate": 0.02638641930389948, "min_child_weight": 3, "scale_pos_weight": 1}, "user_attrs": {"std_err": 0.0022281658475886354}}{"number": 96, "value": 0.8522512902651718, "params": {"learning_rate": 0.08776785103491112, "min_child_weight": 3, "scale_pos_weight": 1}, "user_attrs": {"std_err": 0.0022247517296718703}}{"number": 97, "value": 0.8529987542267307, "params": {"learning_rate": 0.02923118188540865, "min_child_weight": 3, "scale_pos_weight": 1}, "user_attrs": {"std_err": 0.0026564311310973863}}{"number": 98, "value": 0.8530343477487097, "params": {"learning_rate": 0.08560917586414307, "min_child_weight": 1, "scale_pos_weight": 1}, "user_attrs": {"std_err": 0.0014927228883895875}}{"number": 99, "value": 0.8349172450613989, "params": {"learning_rate": 0.07652073837664762, "min_child_weight": 1, "scale_pos_weight": 8}, "user_attrs": {"std_err": 0.002141298709153457}}